,user_name_is_english,user_first_name,user_last_name,user_gender
0,True,Army,One,female
1,True,asproella,asproella,unknown
2,True,Jackie,Fenolio,unknown
3,True,Dfran,Dfran,unknown
4,True,bhappyil,bhappyil,unknown
5,True,Rod,Gonzalez,male
6,True,Danny,Trump,male
7,True,GG,GG,unknown
8,True,Kevin,Kevin,male
9,True,William,Sammons,male
10,True,Kokyawmya,Kokyawmya,unknown
11,True,aron,johnsdon,unknown
12,True,LALAFRANCE,noname,unknown
13,True,Max,Deploravsky,male
14,True,Joyce,Ford,female
15,True,ZestyGardenGnome,ZestyGardenGnome,unknown
16,True,Dottie,Zuber,female
17,True,Leslie,Sureda,unknown
18,True,Jeffkhau,Jeffkhau,unknown
19,True,marty,marty,unknown
20,True,AllAmerican,Male,unknown
21,True,John,McFarland,male
22,True,Harlan,Peterson,male
23,True,USCG,Vet,unknown
24,True,Straight,Arrow,unknown
25,True,Sharon,Williams,female
26,True,Marian,Rosson,female
27,True,Rosemary,Sherbondy,female
28,True,wendy,davis,female
29,True,Careen,Longhurst,female
30,True,Deana,Scott,female
31,True,Shalom,Maria,unknown
32,True,Todd,K,male
33,True,Bob,Havers,male
34,True,PresidentBigHands,PresidentBigHands,unknown
35,True,El,Jefe,unknown
36,True,DeploreableTrumper,DeploreableTrumper,unknown
37,True,B,Trump,unknown
38,True,free,bird,unknown
39,True,Richard,Clayton,male
40,True,SANDRA,JOHNSON,female
41,True,Joe,FreedomLover,unknown
42,True,Bob,E,male
43,True,Nirmala,Pandian,female
44,True,Hosscart,Hosscart,unknown
45,True,Dalius,Apichaya,unknown
46,True,Trumps,President,unknown
47,True,patriotMOM,patriotMOM,unknown
48,True,MADISON,BOWEN,unknown
49,True,geo,canaday,unknown
50,True,Annie,Annie,female
51,True,Dusty,Howard,unknown
52,True,Dustin,george,male
53,True,Ruth,Red,female
54,True,Trumpnews,Trumpnews,unknown
55,True,Canada,Trump,female
56,True,Trump,Supporter,unknown
57,True,Dolores,dag,female
58,True,JE,Gallagher,male
59,True,fabbymj,fabbymj,unknown
60,True,Victorious,Hanover,unknown
61,True,Steve,Steve,male
62,True,American,Native,unknown
63,True,noname,noname,unknown
64,True,Jackie,Jackie,unknown
65,True,John,Johnson,male
66,True,kaushlendra,vikram,unknown
67,True,Lananh,Coryer,female
68,True,Kim,Arnold,unknown
69,True,Riya,Sharma,female
70,True,Bill,D,male
71,True,noname,noname,unknown
72,True,Sammy,Burapa,unknown
73,True,Michael,Gervais,male
74,True,jim,c,male
75,True,Cindy,Hogan,female
76,True,Charles,Deplorable,male
77,True,Kesha,Murray,female
78,True,noname,noname,unknown
79,True,Peter,Plumley,male
80,True,wjs,wjs,unknown
81,True,Isaac,Corona,male
82,True,Lil,Lil,female
83,True,KoMo,KoMo,unknown
84,True,Eye,Daily,unknown
85,True,noname,noname,unknown
86,True,rose,ropp,female
87,True,Edet,Akpan,unknown
88,True,Mark,Nadelson,male
89,True,Jennifer,Matthews,female
90,True,Kelly,Arceneaux,unknown
91,True,Army,One,female
92,True,asproella,asproella,unknown
93,True,Jackie,Fenolio,unknown
94,True,Dfran,Dfran,unknown
95,True,bhappyil,bhappyil,unknown
96,True,Rod,Gonzalez,male
97,True,Danny,Trump,male
98,True,GG,GG,unknown
99,True,Kevin,Kevin,male
100,True,William,Sammons,male
101,True,Kokyawmya,Kokyawmya,unknown
102,True,aron,johnsdon,unknown
103,True,LALAFRANCE,noname,unknown
104,True,Max,Deploravsky,male
105,True,Joyce,Ford,female
106,True,ZestyGardenGnome,ZestyGardenGnome,unknown
107,True,Dottie,Zuber,female
108,True,Leslie,Sureda,unknown
109,True,Jeffkhau,Jeffkhau,unknown
110,True,marty,marty,unknown
111,True,AllAmerican,Male,unknown
112,True,John,McFarland,male
113,True,Harlan,Peterson,male
114,True,USCG,Vet,unknown
115,True,Straight,Arrow,unknown
116,True,Sharon,Williams,female
117,True,Marian,Rosson,female
118,True,Rosemary,Sherbondy,female
119,True,wendy,davis,female
120,True,Careen,Longhurst,female
121,True,Deana,Scott,female
122,True,Shalom,Maria,unknown
123,True,Todd,K,male
124,True,Bob,Havers,male
125,True,PresidentBigHands,PresidentBigHands,unknown
126,True,El,Jefe,unknown
127,True,DeploreableTrumper,DeploreableTrumper,unknown
128,True,B,Trump,unknown
129,True,free,bird,unknown
130,True,Richard,Clayton,male
131,True,SANDRA,JOHNSON,female
132,True,Joe,FreedomLover,unknown
133,True,Bob,E,male
134,True,Nirmala,Pandian,female
135,True,Hosscart,Hosscart,unknown
136,True,Dalius,Apichaya,unknown
137,True,Trumps,President,unknown
138,True,patriotMOM,patriotMOM,unknown
139,True,MADISON,BOWEN,unknown
140,True,geo,canaday,unknown
141,True,Annie,Annie,female
142,True,Dusty,Howard,unknown
143,True,Dustin,george,male
144,True,Ruth,Red,female
145,True,Trumpnews,Trumpnews,unknown
146,True,Canada,Trump,female
147,True,Trump,Supporter,unknown
148,True,Dolores,dag,female
149,True,JE,Gallagher,male
150,True,fabbymj,fabbymj,unknown
151,True,Victorious,Hanover,unknown
152,True,Steve,Steve,male
153,True,American,Native,unknown
154,True,noname,noname,unknown
155,True,Jackie,Jackie,unknown
156,True,John,Johnson,male
157,True,kaushlendra,vikram,unknown
158,True,Lananh,Coryer,female
159,True,Kim,Arnold,unknown
160,True,Riya,Sharma,female
161,True,Bill,D,male
162,True,noname,noname,unknown
163,True,Sammy,Burapa,unknown
164,True,Michael,Gervais,male
165,True,jim,c,male
166,True,Cindy,Hogan,female
167,True,Charles,Deplorable,male
168,True,Kesha,Murray,female
169,True,noname,noname,unknown
170,True,Peter,Plumley,male
171,True,wjs,wjs,unknown
172,True,Isaac,Corona,male
173,True,Lil,Lil,female
174,True,KoMo,KoMo,unknown
175,True,Eye,Daily,unknown
176,True,noname,noname,unknown
177,True,rose,ropp,female
178,True,Edet,Akpan,unknown
179,True,Mark,Nadelson,male
180,True,Jennifer,Matthews,female
181,True,Kelly,Arceneaux,unknown
