,user_name_is_english,user_first_name,user_last_name,user_gender
0,True,Teresa,Ellison,female
1,True,Nicole,Nicole,female
2,True,Stefan,Euler,male
3,True,Sammael,Sammael,male
4,True,BonnieWasHere,BonnieWasHere,unknown
5,True,summerday,summerday,unknown
6,True,Lorraine,Lorraine,female
7,True,ExDemocrat,ExDemocrat,unknown
8,True,RudeGuy,RudeGuy,unknown
9,True,Mr,TB,male
10,True,Paula,noname,female
11,True,Chris,Chris,unknown
12,True,La,Verdad,unknown
13,True,Amanda,Ramrez,female
14,True,General,noname,male
15,True,OB,OB,unknown
16,True,Vivi,Vivi,female
17,True,Eden,Eden,unknown
18,True,Politik,Politik,unknown
19,True,Cheryl,Swenson,female
20,True,jamminD,jamminD,unknown
21,True,Sam,Man,unknown
22,True,Robert,Butler,male
23,True,J,Solon,unknown
24,True,stephsboys,stephsboys,unknown
25,True,Samuel,Rose,male
26,True,FISHING,GODDESS,unknown
27,True,brooks,brown,unknown
28,True,KLC,KLC,unknown
29,True,Liz,Wriston,female
30,True,jimi,McClellen,unknown
31,True,Linda,noname,female
32,True,Randwarblob,Randwarblob,unknown
33,True,Sjb,Sjb,unknown
34,True,Hierophant,Hierophant,unknown
35,True,Police,Mom,unknown
36,True,We,MAGA,unknown
37,True,Renee,Bakke,female
38,True,RalphSchiano,RalphSchiano,unknown
39,True,Ken,Hinton,male
40,True,Kimberly,Salter,female
41,True,m,robinson,unknown
42,True,Dash,Riprock,male
43,True,LindaPJ,noname,unknown
44,True,Matt,Matt,male
45,True,SickTired,SickTired,unknown
46,True,Meriam,Rosenberg,female
47,True,cindycolley,cindycolley,unknown
48,True,Rocky,Rocky,male
49,True,Phyllis,Phyllis,female
50,True,MKrohn,MKrohn,unknown
51,True,GG,GG,unknown
52,True,chrissychrissy,chrissychrissy,unknown
53,True,William,Sammons,male
54,True,Deplorable,me,unknown
55,True,Sherry,Wade,female
56,True,Storme,Storme,unknown
57,True,aron,johnsdon,unknown
58,True,GabaiCelticLass,GabaiCelticLass,unknown
59,True,Dick,Sassy,male
60,True,moneybunnyalice,moneybunnyalice,unknown
61,True,Bill,Bill,male
62,True,Michael,Crabtree,male
63,True,Proud,American,unknown
64,True,Steve,Thompson,male
65,True,BigotSunshinette,BigotSunshinette,unknown
66,True,Terpsicore,Terpsicore,unknown
67,True,Tim,Sherman,male
68,True,Waddsi,Waddsi,unknown
69,True,RealityCheck,Covfefe,unknown
70,True,Moms,Moms,unknown
71,True,Noriko,Edgar,female
72,True,DEPLORABLEJaymix,DEPLORABLEJaymix,unknown
73,True,Sue,Sue,female
74,True,Robert,Brickner,male
75,True,Victor,ETIM,male
76,True,JoLE,JoLE,unknown
77,True,USCG,Vet,unknown
78,True,Harlan,Peterson,male
79,True,Kathryn,Faulkner,female
80,True,Rosemary,Sherbondy,female
81,True,noname,noname,unknown
82,True,Kimberly,Waters,female
83,True,Patti,B,female
84,True,Lucy,Dart,female
85,True,joseph,price,male
86,True,Janice,Prystalski,female
87,True,Dale,Jr,unknown
88,True,Santiago,Santiago,male
89,True,TG,Milky,unknown
90,True,Fred,Lauder,male
91,True,Rachel,Rachel,female
92,True,Teresa,Ellison,female
93,True,Nicole,Nicole,female
94,True,Stefan,Euler,male
95,True,Sammael,Sammael,male
96,True,BonnieWasHere,BonnieWasHere,unknown
97,True,summerday,summerday,unknown
98,True,Lorraine,Lorraine,female
99,True,ExDemocrat,ExDemocrat,unknown
100,True,RudeGuy,RudeGuy,unknown
101,True,Mr,TB,male
102,True,Paula,noname,female
103,True,Chris,Chris,unknown
104,True,La,Verdad,unknown
105,True,Amanda,Ramrez,female
106,True,General,noname,male
107,True,OB,OB,unknown
108,True,Vivi,Vivi,female
109,True,Eden,Eden,unknown
110,True,Politik,Politik,unknown
111,True,Cheryl,Swenson,female
112,True,jamminD,jamminD,unknown
113,True,Sam,Man,unknown
114,True,Robert,Butler,male
115,True,J,Solon,unknown
116,True,stephsboys,stephsboys,unknown
117,True,Samuel,Rose,male
118,True,FISHING,GODDESS,unknown
119,True,brooks,brown,unknown
120,True,KLC,KLC,unknown
121,True,Liz,Wriston,female
122,True,jimi,McClellen,unknown
123,True,Linda,noname,female
124,True,Randwarblob,Randwarblob,unknown
125,True,Sjb,Sjb,unknown
126,True,Hierophant,Hierophant,unknown
127,True,Police,Mom,unknown
128,True,We,MAGA,unknown
129,True,Renee,Bakke,female
130,True,RalphSchiano,RalphSchiano,unknown
131,True,Ken,Hinton,male
132,True,Kimberly,Salter,female
133,True,m,robinson,unknown
134,True,Dash,Riprock,male
135,True,LindaPJ,noname,unknown
136,True,Matt,Matt,male
137,True,SickTired,SickTired,unknown
138,True,Meriam,Rosenberg,female
139,True,cindycolley,cindycolley,unknown
140,True,Rocky,Rocky,male
141,True,Phyllis,Phyllis,female
142,True,MKrohn,MKrohn,unknown
143,True,GG,GG,unknown
144,True,chrissychrissy,chrissychrissy,unknown
145,True,William,Sammons,male
146,True,Deplorable,me,unknown
147,True,Sherry,Wade,female
148,True,Storme,Storme,unknown
149,True,aron,johnsdon,unknown
150,True,GabaiCelticLass,GabaiCelticLass,unknown
151,True,Dick,Sassy,male
152,True,moneybunnyalice,moneybunnyalice,unknown
153,True,Bill,Bill,male
154,True,Michael,Crabtree,male
155,True,Proud,American,unknown
156,True,Steve,Thompson,male
157,True,BigotSunshinette,BigotSunshinette,unknown
158,True,Terpsicore,Terpsicore,unknown
159,True,Tim,Sherman,male
160,True,Waddsi,Waddsi,unknown
161,True,RealityCheck,Covfefe,unknown
162,True,Moms,Moms,unknown
163,True,Noriko,Edgar,female
164,True,DEPLORABLEJaymix,DEPLORABLEJaymix,unknown
165,True,Sue,Sue,female
166,True,Robert,Brickner,male
167,True,Victor,ETIM,male
168,True,JoLE,JoLE,unknown
169,True,USCG,Vet,unknown
170,True,Harlan,Peterson,male
171,True,Kathryn,Faulkner,female
172,True,Rosemary,Sherbondy,female
173,True,noname,noname,unknown
174,True,Kimberly,Waters,female
175,True,Patti,B,female
176,True,Lucy,Dart,female
177,True,joseph,price,male
178,True,Janice,Prystalski,female
