,user_name_is_english,user_first_name,user_last_name,user_gender
0,True,GioTeamTrump,GioTeamTrump,unknown
1,True,Stefan,Euler,male
2,True,Sammael,Sammael,male
3,True,Junuh,Junuh,unknown
4,True,Hbear,Hbear,unknown
5,True,Truth,Warrior,unknown
6,True,Gris,WA,unknown
7,True,Victorious,JoJo,unknown
8,True,Adam,noname,male
9,True,Deplorable,Fafa,unknown
10,True,Azradun,Azradun,unknown
11,True,Liz,Wriston,female
12,True,W,Savaille,unknown
13,True,Katrina,Katrina,female
14,True,Nancy,Radice,female
15,True,Renee,Bakke,female
16,True,Ides,March,unknown
17,True,cindycolley,cindycolley,unknown
18,True,Deplorable,RN,unknown
19,True,Steve,Steve,male
20,True,Michael,Taylor,male
21,True,William,Sammons,male
22,True,GETSOME,GETSOME,unknown
23,True,Adrienne,davio,female
24,True,Deb,Deb,female
25,True,WILSON,PhD,male
26,True,M,M,unknown
27,True,Rob,Jr,male
28,True,aron,johnsdon,unknown
29,True,Cammyex,MAGA,unknown
30,True,Frank,Grubb,male
31,True,Hoss,Hoss,male
32,True,Cindy,Hogan,female
33,True,rodro,rodro,unknown
34,True,GabaiCelticLass,GabaiCelticLass,unknown
35,True,jhor,jhor,unknown
36,True,NV,NV,unknown
37,True,AGS,AGS,unknown
38,True,WaterQuality,WaterQuality,unknown
39,True,Reed,Turner,unknown
40,True,Frank,Frank,male
41,True,BigotSunshinette,BigotSunshinette,unknown
42,True,Careen,Longhurst,female
43,True,David,Loar,male
44,True,Leo,Bigollo,unknown
45,True,Margarita,Beale,female
46,True,blazephatuns,blazephatuns,unknown
47,True,Robert,Griffin,male
48,True,scarlett,scarlett,female
49,True,Eugene,Simpson,male
50,True,Maureen,Peronne,female
51,True,alpstwt,alpstwt,unknown
52,True,Miroslaw,Kowalewski,male
53,True,USCG,Vet,unknown
54,True,Harlan,Peterson,male
55,True,Fish,Tender,unknown
56,True,John,Doe,male
57,True,Michael,Sayson,male
58,True,Pacha,Chief,female
59,True,Carl,Lakey,male
60,True,clare,clare,unknown
61,True,Sunday,Sunday,unknown
62,True,M,Anderson,unknown
63,True,Edward,V,male
64,True,Svinal,Svinal,unknown
65,True,Aimon,noname,male
66,True,TimeTruth,TT,unknown
67,True,Eli,Eli,male
68,True,HeadlessHorseman,HeadlessHorseman,unknown
69,True,Steve,Kekistan,male
70,True,Senado,Mxico,unknown
71,True,Arihant,Jain,male
72,True,Ova,Ova,unknown
73,True,Carol,Bailey,unknown
74,True,josh,noname,male
75,True,LadyPamela,LadyPamela,unknown
76,True,Jana,Cook,female
77,True,faithm,faithm,unknown
78,True,Stephen,Stephen,male
79,True,g,g,unknown
80,True,Dalius,Apichaya,unknown
81,True,Deplorable,Trumpkin,unknown
82,True,Jesse,Frad,unknown
83,True,Farmers,Awesome,unknown
84,True,Ben,Viviano,male
85,True,Daniel,noname,male
86,True,GioTeamTrump,GioTeamTrump,unknown
87,True,Stefan,Euler,male
88,True,Sammael,Sammael,male
89,True,Junuh,Junuh,unknown
90,True,Hbear,Hbear,unknown
91,True,Truth,Warrior,unknown
92,True,Gris,WA,unknown
93,True,Victorious,JoJo,unknown
94,True,Adam,noname,male
95,True,Deplorable,Fafa,unknown
96,True,Azradun,Azradun,unknown
97,True,Liz,Wriston,female
98,True,W,Savaille,unknown
99,True,Katrina,Katrina,female
100,True,Nancy,Radice,female
101,True,Renee,Bakke,female
102,True,Ides,March,unknown
103,True,cindycolley,cindycolley,unknown
104,True,Deplorable,RN,unknown
105,True,Steve,Steve,male
106,True,Michael,Taylor,male
107,True,William,Sammons,male
108,True,GETSOME,GETSOME,unknown
109,True,Adrienne,davio,female
110,True,Deb,Deb,female
111,True,WILSON,PhD,male
112,True,M,M,unknown
113,True,Rob,Jr,male
114,True,aron,johnsdon,unknown
115,True,Cammyex,MAGA,unknown
116,True,Frank,Grubb,male
117,True,Hoss,Hoss,male
118,True,Cindy,Hogan,female
119,True,rodro,rodro,unknown
120,True,GabaiCelticLass,GabaiCelticLass,unknown
121,True,jhor,jhor,unknown
122,True,NV,NV,unknown
123,True,AGS,AGS,unknown
124,True,WaterQuality,WaterQuality,unknown
125,True,Reed,Turner,unknown
126,True,Frank,Frank,male
127,True,BigotSunshinette,BigotSunshinette,unknown
128,True,Careen,Longhurst,female
129,True,David,Loar,male
130,True,Leo,Bigollo,unknown
131,True,Margarita,Beale,female
132,True,blazephatuns,blazephatuns,unknown
133,True,Robert,Griffin,male
134,True,scarlett,scarlett,female
135,True,Eugene,Simpson,male
136,True,Maureen,Peronne,female
137,True,alpstwt,alpstwt,unknown
138,True,Miroslaw,Kowalewski,male
139,True,USCG,Vet,unknown
140,True,Harlan,Peterson,male
141,True,Fish,Tender,unknown
142,True,John,Doe,male
143,True,Michael,Sayson,male
144,True,Pacha,Chief,female
145,True,Carl,Lakey,male
146,True,clare,clare,unknown
147,True,Sunday,Sunday,unknown
148,True,M,Anderson,unknown
149,True,Edward,V,male
150,True,Svinal,Svinal,unknown
151,True,Aimon,noname,male
152,True,TimeTruth,TT,unknown
153,True,Eli,Eli,male
154,True,HeadlessHorseman,HeadlessHorseman,unknown
155,True,Steve,Kekistan,male
156,True,Senado,Mxico,unknown
157,True,Arihant,Jain,male
158,True,Ova,Ova,unknown
159,True,Carol,Bailey,unknown
160,True,josh,noname,male
161,True,LadyPamela,LadyPamela,unknown
162,True,Jana,Cook,female
163,True,faithm,faithm,unknown
164,True,Stephen,Stephen,male
165,True,g,g,unknown
166,True,Dalius,Apichaya,unknown
167,True,Deplorable,Trumpkin,unknown
168,True,Jesse,Frad,unknown
169,True,Farmers,Awesome,unknown
