,user_name_is_english,user_first_name,user_last_name,user_gender
0,True,Sue,American,female
1,True,Mrs,T,unknown
2,True,DiamondsbyJPC,DiamondsbyJPC,unknown
3,True,WORLD,ROCKS,unknown
4,True,Radon,Radon,unknown
5,True,B,B,unknown
6,True,Army,One,female
7,True,RP,RP,unknown
8,True,Charles,Jordan,male
9,True,David,Weiss,male
10,True,phranticphil,phranticphil,unknown
11,True,Ernest,Fannin,male
12,True,Chase,Chase,unknown
13,True,Francesco,Francesco,male
14,True,Lorraine,Lorraine,female
15,True,Mamadou,Lamarana,male
16,True,Tyler,Reed,unknown
17,True,noname,noname,unknown
18,True,Peter,M,male
19,True,Kevin,Collins,male
20,True,Becky,Morris,female
21,True,Rosita,Hayes,female
22,True,Ted,Ted,male
23,True,Steve,Steve,male
24,True,Lynagre,Lynagre,unknown
25,True,Azradun,Azradun,unknown
26,True,Jacqueline,B,female
27,True,Jeff,Halsey,male
28,True,Rev,PhD,unknown
29,True,Gender,Pretender,unknown
30,True,Stephen,Logsdon,male
31,True,Magician,Magician,unknown
32,True,Victor,Avera,male
33,True,Liz,Wriston,female
34,True,Dale,Sinclair,unknown
35,True,mz,p,unknown
36,True,UnkownMale,UnkownMale,unknown
37,True,Terry,Yant,unknown
38,True,noname,noname,unknown
39,True,Debbie,Brown,female
40,True,That,guy,unknown
41,True,Linda,S,female
42,True,Mary,Osborn,female
43,True,Tomandrew,Tomandrew,unknown
44,True,Sharon,Rowell,female
45,True,GMC,noname,unknown
46,True,Larry,Thomas,male
47,True,Lawrence,Zolnowski,male
48,True,RedPilled,RedPilled,unknown
49,True,Jy,Ky,unknown
50,True,TruthLeaks,TruthLeaks,unknown
51,True,Mattyfortrump,Mattyfortrump,unknown
52,True,Anita,Lucas,female
53,True,Ann,Ann,female
54,True,Arne,Bralund,male
55,True,Milton,proud,male
56,True,Donna,McDonnell,female
57,True,robertrogers,robertrogers,unknown
58,True,Sheila,g,female
59,True,MagawithTrump,MagawithTrump,unknown
60,True,dinmark,dinmark,unknown
61,True,Dylan,Dylan,unknown
62,True,Jeannie,Ruiz,female
63,True,Colin,james,male
64,True,Donka,Balls,unknown
65,True,Phoenyx,Phoenyx,unknown
66,True,truthseeker,truthseeker,unknown
67,True,InTrumpWeTrust,InTrumpWeTrust,unknown
68,True,Dee,Dee,unknown
69,True,David,Cunningham,male
70,True,cindycolley,cindycolley,unknown
71,True,William,Sammons,male
72,True,Deplorable,me,unknown
73,True,Michael,Taylor,male
74,True,Butch,Butch,male
75,True,MetroAndroid,MetroAndroid,unknown
76,True,Michael,Speer,male
77,True,Adrienne,davio,female
78,True,TheRightPerspective,TheRightPerspective,unknown
79,True,lizbethgarciagm,lizbethgarciagm,unknown
80,True,Matt,Matt,male
81,True,aron,johnsdon,unknown
82,True,Truckers,Truth,unknown
83,True,Neilson,Bernardsr,male
84,True,Cindy,Hogan,female
85,True,rodro,rodro,unknown
86,True,Pammy,CHOO,female
87,True,GabaiCelticLass,GabaiCelticLass,unknown
88,True,Deplorable,Deplorable,unknown
89,True,Hajji,Kanyika,unknown
90,True,bob,young,male
91,True,Jade,Jenkins,unknown
92,True,CCBullock,CCBullock,unknown
93,True,Speakup,Speakup,unknown
94,True,Jan,Kovac,unknown
95,True,Geno,Guzman,male
96,True,Karon,Cowham,unknown
97,True,Daniel,noname,male
98,True,Sue,American,female
99,True,Mrs,T,unknown
100,True,DiamondsbyJPC,DiamondsbyJPC,unknown
101,True,WORLD,ROCKS,unknown
102,True,Radon,Radon,unknown
103,True,B,B,unknown
104,True,Army,One,female
105,True,RP,RP,unknown
106,True,Charles,Jordan,male
107,True,David,Weiss,male
108,True,phranticphil,phranticphil,unknown
109,True,Ernest,Fannin,male
110,True,Chase,Chase,unknown
111,True,Francesco,Francesco,male
112,True,Lorraine,Lorraine,female
113,True,Mamadou,Lamarana,male
114,True,Tyler,Reed,unknown
115,True,noname,noname,unknown
116,True,Peter,M,male
117,True,Kevin,Collins,male
118,True,Becky,Morris,female
119,True,Rosita,Hayes,female
120,True,Ted,Ted,male
121,True,Steve,Steve,male
122,True,Lynagre,Lynagre,unknown
123,True,Azradun,Azradun,unknown
124,True,Jacqueline,B,female
125,True,Jeff,Halsey,male
126,True,Rev,PhD,unknown
127,True,Gender,Pretender,unknown
128,True,Stephen,Logsdon,male
129,True,Magician,Magician,unknown
130,True,Victor,Avera,male
131,True,Liz,Wriston,female
132,True,Dale,Sinclair,unknown
133,True,mz,p,unknown
134,True,UnkownMale,UnkownMale,unknown
135,True,Terry,Yant,unknown
136,True,noname,noname,unknown
137,True,Debbie,Brown,female
138,True,That,guy,unknown
139,True,Linda,S,female
140,True,Mary,Osborn,female
141,True,Tomandrew,Tomandrew,unknown
142,True,Sharon,Rowell,female
143,True,GMC,noname,unknown
144,True,Larry,Thomas,male
145,True,Lawrence,Zolnowski,male
146,True,RedPilled,RedPilled,unknown
147,True,Jy,Ky,unknown
148,True,TruthLeaks,TruthLeaks,unknown
149,True,Mattyfortrump,Mattyfortrump,unknown
150,True,Anita,Lucas,female
151,True,Ann,Ann,female
152,True,Arne,Bralund,male
153,True,Milton,proud,male
154,True,Donna,McDonnell,female
155,True,robertrogers,robertrogers,unknown
156,True,Sheila,g,female
157,True,MagawithTrump,MagawithTrump,unknown
158,True,dinmark,dinmark,unknown
159,True,Dylan,Dylan,unknown
160,True,Jeannie,Ruiz,female
161,True,Colin,james,male
162,True,Donka,Balls,unknown
163,True,Phoenyx,Phoenyx,unknown
164,True,truthseeker,truthseeker,unknown
165,True,InTrumpWeTrust,InTrumpWeTrust,unknown
166,True,Dee,Dee,unknown
167,True,David,Cunningham,male
168,True,cindycolley,cindycolley,unknown
169,True,William,Sammons,male
170,True,Deplorable,me,unknown
171,True,Michael,Taylor,male
172,True,Butch,Butch,male
173,True,MetroAndroid,MetroAndroid,unknown
174,True,Michael,Speer,male
175,True,Adrienne,davio,female
176,True,TheRightPerspective,TheRightPerspective,unknown
177,True,lizbethgarciagm,lizbethgarciagm,unknown
178,True,Matt,Matt,male
