,user_name_is_english,user_first_name,user_last_name,user_gender
0,True,Don,MAGA,male
1,True,erena,erena,female
2,True,Carey,Lauren,unknown
3,True,Kenneth,Segovia,male
4,True,Peggy,emery,female
5,True,Ole,noname,male
6,True,John,Fuqua,male
7,True,David,David,male
8,True,Jill,Nensewitz,female
9,True,Howardette,Herndon,unknown
10,True,Southern,Deplorable,unknown
11,True,Mariel,Mariel,unknown
12,True,Heidi,G,female
13,True,Sharon,Thibodeaux,female
14,True,blunt,force,unknown
15,True,Deplorable,Tim,unknown
16,True,Alfredo,Faubel,male
17,True,Norma,Atnip,female
18,True,Brenda,Stoetzer,female
19,True,Maribel,noname,female
20,True,Dobi,Dobi,unknown
21,True,MaxPepeKekPower,MaxPepeKekPower,unknown
22,True,Mark,Mandrino,male
23,True,DagnySeattle,DagnySeattle,unknown
24,True,James,Sandiford,male
25,True,Kay,Walker,unknown
26,True,CaliCC,CaliCC,unknown
27,True,Sheryl,Brocato,female
28,True,drmicky,drmicky,unknown
29,True,Christus,Nobiscum,unknown
30,True,cecila,cecila,female
31,True,Tabac,JJJaimeCCigar,unknown
32,True,Col,Dyess,unknown
33,True,JoJo,JoJo,unknown
34,True,Rebel,Rebel,unknown
35,True,Stefan,Euler,male
36,True,Chuck,Chuck,male
37,True,Babs,noname,female
38,True,Deplorable,G,unknown
39,True,Venus,Coogler,unknown
40,True,Bossy,Michelle,unknown
41,True,Airman,Diplomat,unknown
42,True,Donald,Smith,male
43,True,Dale,v,unknown
44,True,Gitmo,Gitmo,unknown
45,True,Delaine,Hester,unknown
46,True,Andrew,Blandina,male
47,True,Tim,McHale,male
48,True,Scott,McLeod,male
49,True,ScullyEBollingsCrew,ScullyEBollingsCrew,unknown
50,True,Jean,keys,unknown
51,True,Truth,Triumphs,unknown
52,True,Annaliza,Annaliza,female
53,True,Don,Pewtress,male
54,True,rebel,soldier,unknown
55,True,Janice,L,female
56,True,Roy,Rogers,male
57,True,Jeanne,Basile,female
58,True,Franco,Franco,male
59,True,ONEHeartCleanLiving,ONEHeartCleanLiving,unknown
60,True,jeff,jeff,male
61,True,MotorbikeOne,MotorbikeOne,unknown
62,True,noname,noname,unknown
63,True,deplorable,hell,unknown
64,True,TRUMP,noname,unknown
65,True,Orville,Rich,male
66,True,B,B,unknown
67,True,RP,RP,unknown
68,True,MARCHPERU,MARCHPERU,unknown
69,True,Barry,Feinstein,male
70,True,MsRead,MsRead,unknown
71,True,Libs,Women,unknown
72,True,Mr,TB,male
73,True,vhughes,vhughes,unknown
74,True,Manny,Fig,male
75,True,MAC,Nicholls,male
76,True,Jennifer,Cuzdey,female
77,True,AnnieCovfefe,AnnieCovfefe,unknown
78,True,TrishT,TrishT,unknown
79,True,Candy,noname,female
80,True,Chase,Chase,unknown
81,True,America,First,female
82,True,Francesco,Francesco,male
83,True,vas,ProtectWithPen,unknown
84,True,CURTIS,BERRY,male
85,True,Carolyn,fletcher,female
86,True,fedup,fedup,unknown
87,True,noname,noname,unknown
88,True,Lorraine,Lorraine,female
89,True,Grizzled,Vet,unknown
90,True,Jay,Jeffries,unknown
91,True,O,Moose,unknown
92,True,Agnes,Smith,female
93,True,NormanDeArmond,NormanDeArmond,unknown
94,True,Lloyd,noname,male
95,True,Susan,Gaynor,female
96,True,Angelie,Rees,female
97,True,Matt,Shreeves,male
98,True,Jim,Caruso,male
99,True,Chad,Balser,male
100,True,Loray,noname,female
101,True,Cheryl,Hallonquist,female
102,True,Jade,Jenkins,unknown
103,True,Caliyat,Caliyat,unknown
104,True,Former,Democrat,unknown
105,True,MF,MF,unknown
106,True,Scott,Scott,male
107,True,G,MAGA,unknown
108,True,LennonMcCartney,LennonMcCartney,unknown
109,True,This,noname,unknown
110,True,Jiil,Johnson,unknown
111,True,Janice,Poirier,female
112,True,Geno,Guzman,male
113,True,ILOVERAFAELNADAL,ILOVERAFAELNADAL,unknown
114,True,Karon,Cowham,unknown
115,True,Yippyskippy,Yippyskippy,unknown
116,True,halaf,halaf,unknown
117,True,Don,MAGA,male
118,True,erena,erena,female
119,True,Carey,Lauren,unknown
120,True,Kenneth,Segovia,male
121,True,Peggy,emery,female
122,True,Ole,noname,male
123,True,John,Fuqua,male
124,True,David,David,male
125,True,Jill,Nensewitz,female
126,True,Howardette,Herndon,unknown
127,True,Southern,Deplorable,unknown
128,True,Mariel,Mariel,unknown
129,True,Heidi,G,female
130,True,Sharon,Thibodeaux,female
131,True,blunt,force,unknown
132,True,Deplorable,Tim,unknown
133,True,Alfredo,Faubel,male
134,True,Norma,Atnip,female
135,True,Brenda,Stoetzer,female
136,True,Maribel,noname,female
137,True,Dobi,Dobi,unknown
138,True,MaxPepeKekPower,MaxPepeKekPower,unknown
139,True,Mark,Mandrino,male
140,True,DagnySeattle,DagnySeattle,unknown
141,True,James,Sandiford,male
142,True,Kay,Walker,unknown
143,True,CaliCC,CaliCC,unknown
144,True,Sheryl,Brocato,female
145,True,drmicky,drmicky,unknown
146,True,Christus,Nobiscum,unknown
147,True,cecila,cecila,female
148,True,Tabac,JJJaimeCCigar,unknown
149,True,Col,Dyess,unknown
150,True,JoJo,JoJo,unknown
151,True,Rebel,Rebel,unknown
152,True,Stefan,Euler,male
153,True,Chuck,Chuck,male
154,True,Babs,noname,female
155,True,Deplorable,G,unknown
156,True,Venus,Coogler,unknown
157,True,Bossy,Michelle,unknown
158,True,Airman,Diplomat,unknown
159,True,Donald,Smith,male
160,True,Dale,v,unknown
161,True,Gitmo,Gitmo,unknown
162,True,Delaine,Hester,unknown
163,True,Andrew,Blandina,male
164,True,Tim,McHale,male
165,True,Scott,McLeod,male
166,True,ScullyEBollingsCrew,ScullyEBollingsCrew,unknown
167,True,Jean,keys,unknown
168,True,Truth,Triumphs,unknown
169,True,Annaliza,Annaliza,female
170,True,Don,Pewtress,male
171,True,rebel,soldier,unknown
172,True,Janice,L,female
173,True,Roy,Rogers,male
174,True,Jeanne,Basile,female
175,True,Franco,Franco,male
176,True,ONEHeartCleanLiving,ONEHeartCleanLiving,unknown
177,True,jeff,jeff,male
178,True,MotorbikeOne,MotorbikeOne,unknown
179,True,noname,noname,unknown
180,True,deplorable,hell,unknown
181,True,TRUMP,noname,unknown
182,True,Orville,Rich,male
183,True,B,B,unknown
184,True,RP,RP,unknown
185,True,MARCHPERU,MARCHPERU,unknown
