,user_name_is_english,user_first_name,user_last_name,user_gender
0,True,Ole,noname,male
1,True,pat,brooks,unknown
2,True,Stefan,Euler,male
3,True,Dane,Dane,unknown
4,True,Don,Pewtress,male
5,True,Roy,Rogers,male
6,True,ONEHeartCleanLiving,ONEHeartCleanLiving,unknown
7,True,Junuh,Junuh,unknown
8,True,BillJ,MAGA,unknown
9,True,Marcus,Lites,male
10,True,RP,RP,unknown
11,True,Nick,Sr,male
12,True,Chase,Chase,unknown
13,True,America,First,female
14,True,Francesco,Francesco,male
15,True,I,PRESIDENT,unknown
16,True,Lydia,Sorrow,female
17,True,janene,janene,female
18,True,Truth,Warrior,unknown
19,True,kim,welch,unknown
20,True,Lara,noname,female
21,True,yellow,TRUMP,unknown
22,True,Bobby,Bobby,unknown
23,True,Africa,Africa,female
24,True,Freddy,Cabrera,male
25,True,Liz,Wriston,female
26,True,Deplorable,Dog,unknown
27,True,GrandmaofFour,GrandmaofFour,unknown
28,True,I,noname,unknown
29,True,TTDANNY,TTDANNY,unknown
30,True,maxamillion,maxamillion,male
31,True,Michael,Walsh,male
32,True,Eric,Casey,male
33,True,Tomandrew,Tomandrew,unknown
34,True,Szymon,Jagieowicz,male
35,True,Chuck,Jr,male
36,True,Anna,barbe,female
37,True,Renee,Bakke,female
38,True,milie,Bergmann,female
39,True,noneur,buzzness,unknown
40,True,Johnny,Reb,unknown
41,True,Kirk,Rogers,male
42,True,Diane,W,female
43,True,CherishedSolace,CherishedSolace,unknown
44,True,HiR,HiR,unknown
45,True,Ann,Seeger,female
46,True,Melissa,Milzman,female
47,True,Gina,Howey,female
48,True,cindycolley,cindycolley,unknown
49,True,Mariz,Mariz,unknown
50,True,DawnaJean,DawnaJean,unknown
51,True,noname,noname,unknown
52,True,Rare,Merchant,unknown
53,True,Joseph,Joseph,male
54,True,Suehorse,noname,unknown
55,True,ubeejubee,MAGA,unknown
56,True,Bryan,adams,male
57,True,aron,johnsdon,unknown
58,True,naz,homa,female
59,True,yp,yp,unknown
60,True,Dpharris,Dpharris,unknown
61,True,Jordanbaglivi,Jordanbaglivi,unknown
62,True,AGS,AGS,unknown
63,True,WaterQuality,WaterQuality,unknown
64,True,Terpsicore,Terpsicore,unknown
65,True,Bonnie,Potter,unknown
66,True,Luciferforprez,Luciferforprez,unknown
67,True,CruzinTrump,CruzinTrump,unknown
68,True,Sherry,Hunter,female
69,True,Careen,Longhurst,female
70,True,Kathy,Keiter,female
71,True,Randy,Randy,unknown
72,True,Susana,Susana,female
73,True,Pierre,Massaad,male
74,True,Quilting,Quilting,unknown
75,True,PARTHA,DEV,male
76,True,Leo,Bigollo,unknown
77,True,Lucas,Mazzi,male
78,True,chrissychrissy,chrissychrissy,unknown
79,True,Margarita,Beale,female
80,True,rl,powell,male
81,True,Sophie,Wong,female
82,True,Mark,Boyce,male
83,True,Deplorable,LSAMap,unknown
84,True,G,MAGA,unknown
85,True,LennonMcCartney,LennonMcCartney,unknown
86,True,Jiil,Johnson,unknown
87,True,Ole,noname,male
88,True,pat,brooks,unknown
89,True,Stefan,Euler,male
90,True,Dane,Dane,unknown
91,True,Don,Pewtress,male
92,True,Roy,Rogers,male
93,True,ONEHeartCleanLiving,ONEHeartCleanLiving,unknown
94,True,Junuh,Junuh,unknown
95,True,BillJ,MAGA,unknown
96,True,Marcus,Lites,male
97,True,RP,RP,unknown
98,True,Nick,Sr,male
99,True,Chase,Chase,unknown
100,True,America,First,female
101,True,Francesco,Francesco,male
102,True,I,PRESIDENT,unknown
103,True,Lydia,Sorrow,female
104,True,janene,janene,female
105,True,Truth,Warrior,unknown
106,True,kim,welch,unknown
107,True,Lara,noname,female
108,True,yellow,TRUMP,unknown
109,True,Bobby,Bobby,unknown
110,True,Africa,Africa,female
111,True,Freddy,Cabrera,male
112,True,Liz,Wriston,female
113,True,Deplorable,Dog,unknown
114,True,GrandmaofFour,GrandmaofFour,unknown
115,True,I,noname,unknown
116,True,TTDANNY,TTDANNY,unknown
117,True,maxamillion,maxamillion,male
118,True,Michael,Walsh,male
119,True,Eric,Casey,male
120,True,Tomandrew,Tomandrew,unknown
121,True,Szymon,Jagieowicz,male
122,True,Chuck,Jr,male
123,True,Anna,barbe,female
124,True,Renee,Bakke,female
125,True,milie,Bergmann,female
126,True,noneur,buzzness,unknown
127,True,Johnny,Reb,unknown
128,True,Kirk,Rogers,male
129,True,Diane,W,female
130,True,CherishedSolace,CherishedSolace,unknown
131,True,HiR,HiR,unknown
132,True,Ann,Seeger,female
133,True,Melissa,Milzman,female
134,True,Gina,Howey,female
135,True,cindycolley,cindycolley,unknown
136,True,Mariz,Mariz,unknown
137,True,DawnaJean,DawnaJean,unknown
138,True,noname,noname,unknown
139,True,Rare,Merchant,unknown
140,True,Joseph,Joseph,male
141,True,Suehorse,noname,unknown
142,True,ubeejubee,MAGA,unknown
143,True,Bryan,adams,male
144,True,aron,johnsdon,unknown
145,True,naz,homa,female
146,True,yp,yp,unknown
147,True,Dpharris,Dpharris,unknown
148,True,Jordanbaglivi,Jordanbaglivi,unknown
149,True,AGS,AGS,unknown
150,True,WaterQuality,WaterQuality,unknown
151,True,Terpsicore,Terpsicore,unknown
152,True,Bonnie,Potter,unknown
153,True,Luciferforprez,Luciferforprez,unknown
154,True,CruzinTrump,CruzinTrump,unknown
155,True,Sherry,Hunter,female
156,True,Careen,Longhurst,female
157,True,Kathy,Keiter,female
158,True,Randy,Randy,unknown
159,True,Susana,Susana,female
160,True,Pierre,Massaad,male
161,True,Quilting,Quilting,unknown
162,True,PARTHA,DEV,male
163,True,Leo,Bigollo,unknown
164,True,Lucas,Mazzi,male
165,True,chrissychrissy,chrissychrissy,unknown
