,user_name_is_english,user_first_name,user_last_name,user_gender
0,True,Sue,American,female
1,True,Peggy,emery,female
2,True,Alex,Anthony,unknown
3,True,Ole,noname,male
4,True,Mary,Mary,female
5,True,I,noname,unknown
6,True,Norma,Atnip,female
7,True,Alyster,Alyster,male
8,True,Garry,Pence,male
9,True,Dobi,Dobi,unknown
10,True,Charles,Kirgan,male
11,True,JoJo,JoJo,unknown
12,True,Samuel,Samuel,male
13,True,Janaie,Janaie,unknown
14,True,T,Wright,unknown
15,True,Annaliza,Annaliza,female
16,True,Charles,Kaps,male
17,True,Allison,Pulliam,unknown
18,True,Pamela,Pittman,female
19,True,LDcoolrager,LDcoolrager,unknown
20,True,Don,Pewtress,male
21,True,Roy,Rogers,male
22,True,ONEHeartCleanLiving,ONEHeartCleanLiving,unknown
23,True,Trumpandguys,Trumpandguys,unknown
24,True,Junuh,Junuh,unknown
25,True,BillJ,MAGA,unknown
26,True,Kathy,Kathy,female
27,True,Oooops,Oooops,unknown
28,True,RP,RP,unknown
29,True,Bret,Salzer,male
30,True,Max,Max,male
31,True,MsRead,MsRead,unknown
32,True,Nick,Sr,male
33,True,Tay,Tay,unknown
34,True,Stacie,Stacie,female
35,True,Manny,Fig,male
36,True,Cheryl,Swenson,female
37,True,Chris,Jr,unknown
38,True,America,First,female
39,True,Chase,Chase,unknown
40,True,Francesco,Francesco,male
41,True,OPINIONATED,OPINIONATED,unknown
42,True,Debbie,Debbie,female
43,True,Loretta,Chadwick,female
44,True,Robin,Kennedy,unknown
45,True,Francisco,Francisco,male
46,True,Jay,Jeffries,unknown
47,True,Jarosaw,Szmyt,unknown
48,True,Samuel,Jackson,male
49,True,Lydia,Sorrow,female
50,True,janene,janene,female
51,True,James,Pearson,male
52,True,Randy,Frazee,unknown
53,True,hourilo,hourilo,unknown
54,True,Lakendra,Besio,female
55,True,Truth,Warrior,unknown
56,True,Cat,Lover,unknown
57,True,Baffah,Baffah,unknown
58,True,Roberta,D,female
59,True,Susan,Sutton,female
60,True,Karen,Coggeshall,female
61,True,kim,welch,unknown
62,True,Mr,Smith,male
63,True,GingersBooFest,GingersBooFest,unknown
64,True,Chief,Eagle,male
65,True,Victorious,JoJo,unknown
66,True,DIOS,VZLA,unknown
67,True,Robert,Colwell,male
68,True,Damaris,Pena,unknown
69,True,Azradun,Azradun,unknown
70,True,Rev,PhD,unknown
71,True,Dawn,Hernandez,female
72,True,yellow,TRUMP,unknown
73,True,paul,cooper,male
74,True,Devon,Molina,unknown
75,True,Bobby,Bobby,unknown
76,True,gail,peters,unknown
77,True,Susan,Susan,female
78,True,Africa,Africa,female
79,True,Liz,Wriston,female
80,True,SueWho,SueWho,unknown
81,True,Kunt,Eichenwald,unknown
82,True,ZuZuPetals,ZuZuPetals,unknown
83,True,Gloria,Gloria,female
84,True,Marisa,McVey,female
85,True,Heidi,Jex,female
86,True,Tony,Mozelesky,unknown
87,True,I,noname,unknown
88,True,My,Info,unknown
89,True,Chris,Chen,unknown
90,True,America,noname,female
91,True,noname,noname,unknown
92,True,Doppelgnger,Joey,unknown
93,True,Nethen,Nethen,unknown
94,True,Loray,noname,female
95,True,Lilly,Ortiz,female
96,True,AnnMarie,Goddard,female
97,True,MF,MF,unknown
98,True,G,MAGA,unknown
99,True,LennonMcCartney,LennonMcCartney,unknown
100,True,Melva,S,female
101,True,TRUMP,POTUS,unknown
102,True,Brianne,noname,female
103,True,James,Arnold,male
104,True,Jiil,Johnson,unknown
105,True,Karon,Cowham,unknown
106,True,Sue,American,female
107,True,Peggy,emery,female
108,True,Alex,Anthony,unknown
109,True,Ole,noname,male
110,True,Mary,Mary,female
111,True,I,noname,unknown
112,True,Norma,Atnip,female
113,True,Alyster,Alyster,male
114,True,Garry,Pence,male
115,True,Dobi,Dobi,unknown
116,True,Charles,Kirgan,male
117,True,JoJo,JoJo,unknown
118,True,Samuel,Samuel,male
119,True,Janaie,Janaie,unknown
120,True,T,Wright,unknown
121,True,Annaliza,Annaliza,female
122,True,Charles,Kaps,male
123,True,Allison,Pulliam,unknown
124,True,Pamela,Pittman,female
125,True,LDcoolrager,LDcoolrager,unknown
126,True,Don,Pewtress,male
127,True,Roy,Rogers,male
128,True,ONEHeartCleanLiving,ONEHeartCleanLiving,unknown
129,True,Trumpandguys,Trumpandguys,unknown
130,True,Junuh,Junuh,unknown
131,True,BillJ,MAGA,unknown
132,True,Kathy,Kathy,female
133,True,Oooops,Oooops,unknown
134,True,RP,RP,unknown
135,True,Bret,Salzer,male
136,True,Max,Max,male
137,True,MsRead,MsRead,unknown
138,True,Nick,Sr,male
139,True,Tay,Tay,unknown
140,True,Stacie,Stacie,female
141,True,Manny,Fig,male
142,True,Cheryl,Swenson,female
143,True,Chris,Jr,unknown
144,True,America,First,female
145,True,Chase,Chase,unknown
146,True,Francesco,Francesco,male
147,True,OPINIONATED,OPINIONATED,unknown
148,True,Debbie,Debbie,female
149,True,Loretta,Chadwick,female
150,True,Robin,Kennedy,unknown
151,True,Francisco,Francisco,male
152,True,Jay,Jeffries,unknown
153,True,Jarosaw,Szmyt,unknown
154,True,Samuel,Jackson,male
155,True,Lydia,Sorrow,female
156,True,janene,janene,female
157,True,James,Pearson,male
158,True,Randy,Frazee,unknown
159,True,hourilo,hourilo,unknown
160,True,Lakendra,Besio,female
161,True,Truth,Warrior,unknown
162,True,Cat,Lover,unknown
163,True,Baffah,Baffah,unknown
164,True,Roberta,D,female
165,True,Susan,Sutton,female
166,True,Karen,Coggeshall,female
167,True,kim,welch,unknown
168,True,Mr,Smith,male
169,True,GingersBooFest,GingersBooFest,unknown
170,True,Chief,Eagle,male
171,True,Victorious,JoJo,unknown
172,True,DIOS,VZLA,unknown
173,True,Robert,Colwell,male
174,True,Damaris,Pena,unknown
175,True,Azradun,Azradun,unknown
176,True,Rev,PhD,unknown
177,True,Dawn,Hernandez,female
