,user_name_is_english,user_first_name,user_last_name,user_gender
0,True,cnesmith,cnesmith,unknown
1,True,Debra,Debra,female
2,True,Jckm,Jckm,unknown
3,True,E,Unum,unknown
4,True,canne,Reed,unknown
5,True,Gary,Nolt,male
6,True,mikaila,mahone,female
7,True,Adrian,Cruz,unknown
8,True,Amancio,L,male
9,True,Renata,Crimi,female
10,True,deplorableruemakes,deplorableruemakes,unknown
11,True,DOS,DOS,unknown
12,True,Chris,M,unknown
13,True,Harold,Gibbs,male
14,True,John,Caruso,male
15,True,Sue,American,female
16,True,Carl,Schutze,male
17,True,braggingdragon,braggingdragon,unknown
18,True,Robin,Robin,unknown
19,True,My,Fanelli,unknown
20,True,VG,III,unknown
21,True,Mike,Grosam,male
22,True,Katharine,Katharine,female
23,True,noname,noname,unknown
24,True,Lucila,Sperber,female
25,True,Hurricane,Shane,unknown
26,True,Amos,Moses,male
27,True,Pedro,Cassadee,male
28,True,Alain,Kahn,male
29,True,JesusTheOnlySaviour,JesusTheOnlySaviour,unknown
30,True,Hani,Hani,unknown
31,True,VB,VB,unknown
32,True,Queen,Bee,female
33,True,MAGA,noname,unknown
34,True,lisa,wagner,female
35,True,Alexa,noname,female
36,True,Mary,Mary,female
37,True,Nick,Nick,male
38,True,USA,USA,unknown
39,True,Fire,Fury,unknown
40,True,Big,Ev,unknown
41,True,Bink,Bink,unknown
42,True,Marjorie,Marjorie,female
43,True,Charley,Britt,unknown
44,True,Trampus,Stanley,male
45,True,Tim,Kohler,male
46,True,Constantine,Leonidas,male
47,True,Ninive,Ninive,female
48,True,I,noname,unknown
49,True,Shoshanna,Shoshanna,female
50,True,LisaMarie,noname,female
51,True,deplorablelimeytexan,deplorablelimeytexan,unknown
52,True,Linnis,Linnis,male
53,True,rin,lindsy,female
54,True,Greg,Eldredge,male
55,True,KT,KT,female
56,True,Seor,Malvo,unknown
57,True,Sidney,Sykes,unknown
58,True,Francisco,Pages,male
59,True,Cleavenger,Cleavenger,unknown
60,True,Social,Meatier,unknown
61,True,CDNPoliMike,CDNPoliMike,unknown
62,True,Don,noname,male
63,True,John,Tosmall,male
64,True,Brady,Whatley,unknown
65,True,Jennie,Jennie,female
66,True,Khalil,Shadeed,male
67,True,Denttech,Denttech,unknown
68,True,OneTrulyFreeAmerica,OneTrulyFreeAmerica,unknown
69,True,Cathrine,Allen,female
70,True,Yoel,Gelbman,male
71,True,Manny,Manny,male
72,True,Juanita,Phillips,female
73,True,Subdivided,noname,unknown
74,True,Pep,Pep,unknown
75,True,WH,WH,unknown
76,True,Didina,noname,unknown
77,True,george,martin,male
78,True,LCAmerica,LCAmerica,unknown
79,True,Chris,Chris,unknown
80,True,Rhonda,Rhonda,female
81,True,Angela,Starner,female
82,True,JCKMAGA,JCKMAGA,unknown
83,True,John,Henline,male
84,True,sthomas,sthomas,unknown
85,True,bobby,bobby,unknown
86,True,Dianne,Steiner,female
87,True,Vivco,Vivco,unknown
88,True,TRUMP,NEWS,unknown
89,True,Matthew,Matthew,male
90,True,JDubsDoubleGat,JDubsDoubleGat,unknown
91,True,Cindi,Puncerelli,female
92,True,Subliminally,Hitler,unknown
93,True,Sheri,Parker,female
94,True,That,Foo,unknown
95,True,LC,LC,male
96,True,CNC,Programmer,unknown
97,True,Debi,Debi,female
98,True,Marcio,Marcio,male
99,True,J,Russell,unknown
100,True,Jennifer,Stoker,female
101,True,Don,Jones,male
102,True,ChuckTrump,ChuckTrump,unknown
103,True,Deplorable,Brad,unknown
104,True,Emily,Osment,female
105,True,Stephanie,Fabian,female
106,True,Varsity,Girls,unknown
107,True,Ryena,Ryena,unknown
108,True,Mark,Nadelson,male
109,True,Todd,Cody,male
110,True,corinth,corinth,female
111,True,Qingxia,Zhang,unknown
112,True,Brandy,Yates,unknown
113,True,Randy,McHenry,unknown
114,True,PATRIOTPAM,PATRIOTPAM,unknown
115,True,Chad,Balser,male
116,True,Bill,D,male
117,True,Jade,Jenkins,unknown
118,True,Deplorable,Joe,unknown
119,True,Peachy,Groyper,unknown
120,True,Deplorable,Dan,unknown
121,True,Lisette,Saavedra,female
122,True,RailRoaded,RailRoaded,unknown
123,True,Former,Democrat,unknown
124,True,Hakan,noname,male
125,True,Dawnzy,Dawnzy,unknown
126,True,Lilly,Ortiz,female
127,True,El,Supremo,unknown
128,True,AnnMarie,Goddard,female
129,True,LennonMcCartney,LennonMcCartney,unknown
130,True,G,MAGA,unknown
131,True,ridsid,ridsid,unknown
132,True,Moss,noname,male
133,True,Maryann,Penza,female
134,True,Win,Rideout,unknown
135,True,MF,MF,unknown
136,True,Elconservador,Elconservador,unknown
137,True,America,Trump,female
138,True,RedRockCountryAZ,RedRockCountryAZ,unknown
139,True,sonia,perez,female
140,True,Eduardo,Mendez,male
141,True,sam,man,unknown
142,True,noname,noname,unknown
143,True,Marek,C,male
144,True,Trump,Army,unknown
145,True,Expose,MainScamMedia,unknown
146,True,Miguel,Velez,male
147,True,Dawn,Day,female
148,True,PatriotHolly,PatriotHolly,unknown
149,True,David,II,male
150,True,AAron,AAron,male
151,True,Francisco,Micol,male
152,True,Denise,USA,female
153,True,Pasadena,noname,unknown
154,True,Chase,Slocum,unknown
155,True,WHATEVER,WHATEVER,unknown
156,True,Anna,Ulrich,female
157,True,Wendy,Nowell,female
158,True,aimtastegreat,aimtastegreat,unknown
159,True,Eduardo,trujillo,male
160,True,Rusty,Bobbitt,unknown
161,True,James,Kitchens,male
162,True,Patricia,Hagaman,female
163,True,deborah,sidener,female
164,True,TRUMP,noname,unknown
165,True,John,Smith,male
166,True,Jiil,Johnson,unknown
167,True,Satch,Satch,unknown
168,True,ScarfacePacino,ScarfacePacino,unknown
169,True,McQ,McQ,unknown
170,True,Nan,Nan,female
171,True,CSARDiver,CSARDiver,unknown
172,True,AmericanStevenNYC,AmericanStevenNYC,unknown
173,True,thelabsman,thelabsman,unknown
174,True,Ashley,Poyner,unknown
175,True,Rich,CGBP,male
176,True,Grace,Cassidy,female
177,True,Laura,Poer,female
178,True,SHOC,SHOC,unknown
179,True,Deplorable,Melissa,unknown
180,True,Karon,Cowham,unknown
181,True,Roger,Gray,male
182,True,yrs,Relativity,unknown
183,True,conservate,conservate,unknown
184,True,Justin,Justin,male
185,True,RJDunkle,RJDunkle,unknown
