,user_name_is_english,user_first_name,user_last_name,user_gender
0,True,Pete,Peters,male
1,True,Patricia,Smith,female
2,True,Linda,Guzman,female
3,True,Andrew,Andrew,male
4,True,Micah,Wright,unknown
5,True,Reuben,Smith,male
6,True,Chuck,Plum,male
7,True,David,David,male
8,True,kudzikau,kudzikau,unknown
9,True,DEPLORABLE,noname,unknown
10,True,Helen,Barbazon,female
11,True,Michael,Michael,male
12,True,Kathy,American,female
13,True,Janie,Smart,female
14,True,EqualityRules,EqualityRules,unknown
15,True,Rhonda,Poulin,female
16,True,Cheryl,Cheryl,female
17,True,Honey,Badger,female
18,True,Michelle,Steines,female
19,True,Susan,Susan,female
20,True,Nickenhagen,Nickenhagen,unknown
21,True,Andrea,Somerville,unknown
22,True,Ma,Ry,female
23,True,Larry,Razza,male
24,True,Davie,M,unknown
25,True,RodriMC,RodriMC,unknown
26,True,Rosemary,Sherbondy,female
27,True,Joan,Fuentes,unknown
28,True,EL,BOTAS,unknown
29,True,SkrtSkrtNerds,SkrtSkrtNerds,unknown
30,True,covfefe,nolibluv,unknown
31,True,Joe,Joe,unknown
32,True,Sharon,Stellar,female
33,True,Rick,Farrington,male
34,True,Olivia,bolivia,female
35,True,John,Ruotsala,male
36,True,Tim,Tim,male
37,True,Sara,Chadderdon,female
38,True,Justjack,Justjack,unknown
39,True,Tom,Viking,male
40,True,Naomi,Narvaiz,female
41,True,Karen,Martin,female
42,True,Celina,Celina,female
43,True,FRINGE,Media,unknown
44,True,Mary,Mary,female
45,True,Evat,Evat,unknown
46,True,American,noname,unknown
47,True,Tberry,Tberry,unknown
48,True,Patrick,PatDaddy,male
49,True,Kendall,Jade,unknown
50,True,deborah,sidener,female
51,True,RedMeatMonday,noname,unknown
52,True,Roy,Gilmour,male
53,True,vickilv,vickilv,unknown
54,True,Kyle,Magnusson,unknown
55,True,Raymond,Yos,male
56,True,Catherine,Unruh,female
57,True,MrCub,MrCub,unknown
58,True,Bella,Bella,female
59,True,Pablo,Villaverde,male
60,True,Grant,noname,male
61,True,noname,noname,unknown
62,True,Hugh,Mungus,male
63,True,Clyde,Sawyer,unknown
64,True,ANGIE,ANGIE,female
65,True,JH,noname,unknown
66,True,joe,esparza,unknown
67,True,RK,Maganti,unknown
68,True,who,Galt,unknown
69,True,Dhamma,Bhikkhu,unknown
70,True,America,First,female
71,True,Nora,Nora,female
72,True,Agatha,Agatha,female
73,True,The,Pro,male
74,True,Rick,Woodward,male
75,True,Sam,Marazzi,unknown
76,True,Roger,Dyson,male
77,True,noname,noname,unknown
78,True,Vince,Vince,male
79,True,Karon,Cowham,unknown
80,True,Noelle,Tolentino,female
81,True,Archangel,noname,unknown
82,True,Noriko,Edgar,female
83,True,Lance,Roshel,male
84,True,EngKhaled,Bahawi,unknown
85,True,Pat,noname,unknown
86,True,Stud,Pardee,unknown
87,True,Becky,Becky,female
88,True,Mmm,Mmm,unknown
89,True,Albanach,Albanach,unknown
90,True,Alexrocks,Alexrocks,unknown
91,True,Hurricane,Shane,unknown
92,True,Swampbubbles,Swampbubbles,unknown
93,True,Irene,V,female
94,True,Tam,Tam,unknown
95,True,Marie,M,female
96,True,Judi,V,female
97,True,MAGA,Covfefe,unknown
98,True,Humanitys,Ascension,unknown
99,True,Miller,Miller,unknown
100,True,Chris,Chris,unknown
101,True,rockingamer,rockingamer,unknown
102,True,Bill,Kilgore,male
103,True,The,Dog,male
104,True,Andrew,C,male
105,True,Subliminally,Hitler,unknown
106,True,Logan,Walker,unknown
107,True,Amos,Moses,male
108,True,Violet,Seven,female
109,True,Intransigente,Intransigente,unknown
110,True,Lisa,Lisa,female
111,True,Dolly,Brennan,female
112,True,Karen,Karen,female
113,True,Jack,Jack,male
114,True,Stephen,Pisano,male
115,True,DawnGpsalm,DawnGpsalm,unknown
116,True,Terry,Purser,unknown
117,True,Saravanan,Shanmugam,unknown
118,True,Dammit,Jim,unknown
119,True,Dar,TRUMP,male
120,True,Geneal,chima,female
121,True,Lea,Harmon,unknown
122,True,Victoria,White,female
123,True,Deplorable,Brad,unknown
124,True,noname,again,unknown
125,True,Carol,McDonough,unknown
126,True,Jennifer,Olivares,female
127,True,TammyinTenn,TammyinTenn,unknown
128,True,Reed,Fisher,unknown
129,True,ChildoftheKing,ChildoftheKing,unknown
130,True,Fransisca,Fransisca,female
131,True,M,M,unknown
132,True,LB,LB,male
133,True,Waxtats,noname,unknown
134,True,Regina,noname,female
135,True,ZoopsGarage,ZoopsGarage,unknown
136,True,Patti,Garrison,female
137,True,Some,noname,unknown
138,True,maquisap,maquisap,unknown
139,True,Kade,Jones,unknown
140,True,Cecil,Choate,unknown
141,True,Eric,Thomas,male
142,True,Sonia,Rosario,female
143,True,Diplomat,Diplomat,unknown
144,True,kadenclark,kadenclark,unknown
145,True,American,Bred,unknown
146,True,Larry,Jones,male
147,True,Lisa,USA,female
148,True,Colleen,Colleen,female
149,True,President,noname,male
150,True,Joann,Joann,female
151,True,Cindy,Cindy,female
152,True,Paulo,Gama,male
153,True,DeplorableDave,DeplorableDave,unknown
154,True,MarkTrumpPence,MarkTrumpPence,unknown
155,True,Nethen,Nethen,unknown
156,True,Pete,Kent,male
157,True,Emily,Liebau,female
158,True,Suzanne,Suzanne,female
159,True,Barbie,Barbie,female
160,True,Der,LW,female
161,True,Steve,Defeo,male
162,True,Jose,venereo,male
163,True,Mandy,Rio,female
164,True,StefanThomas,StefanThomas,unknown
165,True,StaceyThinLine,StaceyThinLine,unknown
166,True,Steven,Dietrich,male
167,True,Moss,noname,male
168,True,PunkRockConservative,PunkRockConservative,unknown
169,True,Alex,Molina,unknown
170,True,Elliott,McCoy,unknown
171,True,steve,keener,male
172,True,Laurel,Sweet,unknown
173,True,Pauly,Pauly,unknown
174,True,Bob,Meter,male
175,True,christopher,zekis,male
176,True,Sean,Threks,male
177,True,Mark,Mark,male
178,True,Ciudadano,tico,unknown
179,True,Moshe,Moshe,male
180,True,Mlden,Mlden,unknown
181,True,Brian,Nordwall,male
182,True,Sonia,Flores,female
183,True,joseph,brennan,male
184,True,joe,noia,unknown
185,True,tabiya,tabiya,unknown
