,user_name_is_english,user_first_name,user_last_name,user_gender
0,True,john,john,male
1,True,Linda,Cox,female
2,True,My,Tom,unknown
3,True,Donald,Trump,male
4,True,Bishop,Dillwala,male
5,True,kristhian,kristhian,male
6,True,Kathryn,Henderson,female
7,True,Beverly,Twigg,unknown
8,True,Fame,noname,female
9,True,Thiago,Ribeiro,male
10,True,Celena,Mariano,female
11,True,Christopher,Hwang,male
12,True,Myra,Vaughn,female
13,True,Mat,Brennon,male
14,True,MKonda,MKonda,unknown
15,True,Deepali,Sharma,unknown
16,True,Dustin,Houghton,male
17,True,Jane,Irelan,female
18,True,noname,noname,unknown
19,True,MARI,E,female
20,True,A,Patriot,unknown
21,True,Sean,Collier,male
22,True,Rosemary,Sherbondy,female
23,True,Spike,Master,male
24,True,Orlando,Andre,male
25,True,beachgirljo,beachgirljo,unknown
26,True,MissJedahDyah,MissJedahDyah,unknown
27,True,Rajesh,Dass,male
28,True,JiMin,JiMin,unknown
29,True,Kaushal,Yadav,male
30,True,Susan,Wilder,female
31,True,sierra,arnemann,female
32,True,Floyd,kendrick,male
33,True,Ahmad,Jnr,male
34,True,Les,Kat,male
35,True,Kyle,Mazza,unknown
36,True,jim,franklin,male
37,True,frank,makundi,male
38,True,Victoria,Hirsch,female
39,True,noname,noname,unknown
40,True,Jay,Kay,unknown
41,True,Donald,Trump,male
42,True,Deplorable,Proud,unknown
43,True,camp,cia,male
44,True,Jasmine,Jasmine,female
45,True,Akam,Akam,male
46,True,hlainghtooaung,hlainghtooaung,unknown
47,True,Tom,C,male
48,True,JETMEDIA,JETMEDIA,unknown
49,True,Darren,Cochran,male
50,True,Pj,noname,male
51,True,Jay,Jay,unknown
52,True,Shamik,Menjivar,unknown
53,True,John,Petito,male
54,True,noname,noname,unknown
55,True,Eileen,Townsend,female
56,True,noname,noname,unknown
57,True,kim,welch,unknown
58,True,Tuhin,Tuhin,unknown
59,True,DEPLORABLEHanlie,DEPLORABLEHanlie,unknown
60,True,Julie,Julie,female
61,True,Peggy,Bowers,female
62,True,Sean,Gaffney,male
63,True,Ronald,Lara,male
64,True,Montana,D,unknown
65,True,noname,noname,unknown
66,True,Chris,Lewis,unknown
67,True,Bill,Leveille,male
68,True,Lisa,Killinger,female
69,True,Marlena,Marlena,female
70,True,Eddie,Eddie,unknown
71,True,Fonzy,Fonzy,unknown
72,True,George,Ray,male
73,True,James,Bowie,male
74,True,Tullius,Vitellius,unknown
75,True,Cowboys,noname,unknown
76,True,noname,noname,unknown
77,True,ALANTIMES,ALANTIMES,unknown
78,True,Deplorable,Toni,unknown
79,True,don,sr,male
80,True,BrittanyGOP,BrittanyGOP,unknown
81,True,Blade,Reborn,male
82,True,Eugene,Sheffield,male
83,True,Unbridled,Spirit,unknown
84,True,SammyTrump,SammyTrump,unknown
85,True,Stefanopodopolus,pep,unknown
86,True,Kayetxgran,Kayetxgran,unknown
87,True,Mr,noname,male
